product_a_id,base_product,product_b_id,recommended_product,shared_reviewer_count
"B002SZEOLG","TP-Link Nano USB WiFi Dongle 150Mbps High Gain Wireless Network Wi-Fi Adapter for PC Desktop and Laptops, Supports Windows 10/8.1/8/7/XP, Linux, Mac OS X (TL-WN722N)","B0088TKTY2","TP-LINK WiFi Dongle 300 Mbps Mini Wireless Network USB Wi-Fi Adapter for PC Desktop Laptop(Supports Windows 11/10/8.1/8/7/XP, Mac OS 10.9-10.15 and Linux, WPS, Soft AP Mode, USB 2.0) (TL-WN823N),Black",8
"B002SZEOLG","TP-Link Nano USB WiFi Dongle 150Mbps High Gain Wireless Network Wi-Fi Adapter for PC Desktop and Laptops, Supports Windows 10/8.1/8/7/XP, Linux, Mac OS X (TL-WN722N)","B008IFXQFU","TP-Link USB WiFi Adapter for PC(TL-WN725N), N150 Wireless Network Adapter for Desktop - Nano Size WiFi Dongle Compatible with Windows 11/10/7/8/8.1/XP/ Mac OS 10.9-10.15 Linux Kernel 2.6.18-4.4.3",8
"B005LJQMCK","BlueRigger Digital Optical Audio Toslink Cable (3.3 Feet / 1 Meter) With 8 Channel (7.1) Audio Support (for Home Theatre, Xbox, Playstation etc.)","B005LJQMZC","BlueRigger Digital Optical Audio Toslink Cable (6 Feet / 1.8 Meter) With 8 Channel (7.1) Audio Support (for Home Theatre, Xbox, Playstation etc.)",8
"B0088TKTY2","TP-LINK WiFi Dongle 300 Mbps Mini Wireless Network USB Wi-Fi Adapter for PC Desktop Laptop(Supports Windows 11/10/8.1/8/7/XP, Mac OS 10.9-10.15 and Linux, WPS, Soft AP Mode, USB 2.0) (TL-WN823N),Black","B008IFXQFU","TP-Link USB WiFi Adapter for PC(TL-WN725N), N150 Wireless Network Adapter for Desktop - Nano Size WiFi Dongle Compatible with Windows 11/10/7/8/8.1/XP/ Mac OS 10.9-10.15 Linux Kernel 2.6.18-4.4.3",8
"B00NH11PEY","AmazonBasics USB 2.0 - A-Male to A-Female Extension Cable for Personal Computer, Printer (Black, 9.8 Feet/3 Meters)","B00NH13Q8W","AmazonBasics USB 2.0 Extension Cable for Personal Computer, Printer, 2-Pack - A-Male to A-Female - 3.3 Feet (1 Meter, Black)",8
"B00V4BGDKU","TP-Link UE300 USB 3.0 to RJ45 Gigabit Ethernet Network Adapter - Plug and Play","B08FYB5HHK","TP-Link UE300C USB Type-C to RJ45 Gigabit Ethernet Network Adapter/RJ45 LAN Wired Adapter for Ultrabook, Chromebook, Laptop, Desktop, Plug & Play, USB 3.0, Foldable and Portable Design",8
"B014I8SSD0","Amazon Basics High-Speed HDMI Cable, 6 Feet - Supports Ethernet, 3D, 4K video,Black","B014I8SX4Y","Amazon Basics High-Speed HDMI Cable, 6 Feet (2-Pack),Black",8
"B014I8SSD0","Amazon Basics High-Speed HDMI Cable, 6 Feet - Supports Ethernet, 3D, 4K video,Black","B07KSMBL2H","AmazonBasics Flexible Premium HDMI Cable (Black, 4K@60Hz, 18Gbps), 3-Foot",8
"B014I8SX4Y","Amazon Basics High-Speed HDMI Cable, 6 Feet (2-Pack),Black","B07KSMBL2H","AmazonBasics Flexible Premium HDMI Cable (Black, 4K@60Hz, 18Gbps), 3-Foot",8
"B01DEWVZ2C","JBL C100SI Wired In Ear Headphones with Mic, JBL Pure Bass Sound, One Button Multi-function Remote, Angled Buds for Comfort fit (Black)","B01DF26V7A","JBL C100SI Wired In Ear Headphones with Mic, JBL Pure Bass Sound, One Button Multi-function Remote, Premium Metallic Finish, Angled Buds for Comfort fit (Red)",8